{"options":{"validator":{"$jsonSchema":{"bsonType":"object","required":["nome","cargo","instituicao_judicial_id"],"additionalProperties":false,"properties":{"_id":{"bsonType":"objectId"},"nome":{"bsonType":"string"},"cargo":{"bsonType":"string","enum":["juiz","promotor","procurador"]},"contato":{"bsonType":["string","null"]},"instituicao_judicial_id":{"bsonType":"objectId"}}}},"validationLevel":"moderate","validationAction":"error"},"indexes":[{"v":{"$numberInt":"2"},"key":{"_id":{"$numberInt":"1"}},"name":"_id_"}],"uuid":"0b27f9c493b14694a4ee9fc6689f6663","collectionName":"autoridades_judiciais","type":"collection"}