{"options":{"validator":{"$jsonSchema":{"bsonType":"object","title":"Denuncias","required":["descricao","data","tipo_crime","plataforma"],"additionalProperties":false,"properties":{"_id":{"bsonType":"objectId"},"descricao":{"bsonType":"string","minLength":{"$numberInt":"10"},"maxLength":{"$numberInt":"2000"}},"data":{"bsonType":"date"},"tipo_crime":{"bsonType":"string","enum":["fraude_online","phishing","roubo_de_conta","extorsao","golpe_financeiro","outros"]},"plataforma":{"bsonType":"string","minLength":{"$numberInt":"2"}},"anexo":{"bsonType":["string","null"]},"ocorrencia_id":{"bsonType":["objectId","null"]}}}},"validationLevel":"moderate","validationAction":"error"},"indexes":[{"v":{"$numberInt":"2"},"key":{"_id":{"$numberInt":"1"}},"name":"_id_"}],"uuid":"32ddac37d9ba4de18ed6993ad976fc4d","collectionName":"denuncias","type":"collection"}