{"options":{"validator":{"$jsonSchema":{"bsonType":"object","required":["tipo","data","autor_id","instituicao_judicial_id"],"additionalProperties":false,"properties":{"_id":{"bsonType":"objectId"},"tipo":{"bsonType":"string","enum":["laudo","sentenca","despacho","mandado"]},"data":{"bsonType":"date"},"descricao":{"bsonType":["string","null"],"maxLength":{"$numberInt":"5000"}},"arquivo":{"bsonType":["string","null"]},"autor_id":{"bsonType":"objectId"},"instituicao_judicial_id":{"bsonType":"objectId"},"ocorrencia_id":{"bsonType":["objectId","null"]}}}},"validationLevel":"moderate","validationAction":"error"},"indexes":[{"v":{"$numberInt":"2"},"key":{"_id":{"$numberInt":"1"}},"name":"_id_"}],"uuid":"bf690a4e56a14294beae5f09aa900d83","collectionName":"documentos_processuais","type":"collection"}