{"options":{"validator":{"$jsonSchema":{"bsonType":"object","required":["nome","tipo","cidade"],"additionalProperties":false,"properties":{"_id":{"bsonType":"objectId"},"nome":{"bsonType":"string","minLength":{"$numberInt":"3"}},"tipo":{"bsonType":"string","enum":["delegacia","policia_federal","pericia","outros"]},"cidade":{"bsonType":"string"},"contato":{"bsonType":["string","null"]},"agentes":{"bsonType":"array","items":{"bsonType":"objectId"},"uniqueItems":true}}}},"validationLevel":"moderate","validationAction":"error"},"indexes":[{"v":{"$numberInt":"2"},"key":{"_id":{"$numberInt":"1"}},"name":"_id_"}],"uuid":"6c0133a089eb4b47846ef9ae576aa36f","collectionName":"instituicoes_investigativas","type":"collection"}