{"options":{"validator":{"$jsonSchema":{"bsonType":"object","required":["nome","tipo","jurisdicao"],"additionalProperties":false,"properties":{"_id":{"bsonType":"objectId"},"nome":{"bsonType":"string"},"tipo":{"bsonType":"string","enum":["vara_criminal","tribunal","promotoria"]},"jurisdicao":{"bsonType":"string"},"contato":{"bsonType":["string","null"]},"autoridades_judiciais":{"bsonType":"array","items":{"bsonType":"objectId"},"uniqueItems":true}}}},"validationLevel":"moderate","validationAction":"error"},"indexes":[{"v":{"$numberInt":"2"},"key":{"_id":{"$numberInt":"1"}},"name":"_id_"}],"uuid":"b9de497178c74ca4bae0a064b5660d95","collectionName":"instituicoes_judiciais","type":"collection"}