{"options":{"validator":{"$jsonSchema":{"bsonType":"object","title":"Ocorrencias","required":["tipo_crime","data","localizacao","status_investigacao"],"additionalProperties":false,"properties":{"_id":{"bsonType":"objectId"},"tipo_crime":{"bsonType":"string","enum":["phishing","fraude_financeira","roubo_de_conta","extorsao","invasao_sistema","outros"]},"data":{"bsonType":"date"},"localizacao":{"bsonType":"string","minLength":{"$numberInt":"3"}},"descricao":{"bsonType":"string","minLength":{"$numberInt":"10"},"maxLength":{"$numberInt":"3000"}},"status_investigacao":{"bsonType":"string","enum":["aberta","em_andamento","concluida","arquivada"]},"denuncia_id":{"bsonType":["objectId","null"]},"instituicao_investigativa_id":{"bsonType":["objectId","null"]},"agentes_responsaveis":{"bsonType":"array","uniqueItems":true,"items":{"bsonType":"objectId"}},"instituicao_judicial_id":{"bsonType":["objectId","null"]},"processo_judicial_id":{"bsonType":["objectId","null"]},"vitimas":{"bsonType":"array","items":{"bsonType":"object","required":["nome","cpf","contato"],"additionalProperties":false,"properties":{"nome":{"bsonType":"string","minLength":{"$numberInt":"3"}},"cpf":{"bsonType":"string","pattern":"^[0-9]{11}$"},"contato":{"bsonType":"string"},"idade":{"bsonType":["int","null"],"minimum":{"$numberInt":"0"},"exclusiveMinimum":false},"sexo":{"bsonType":["string","null"],"enum":["M","F","Outro",null]}}}},"suspeitos":{"bsonType":"array","items":{"bsonType":"object","additionalProperties":false,"required":["nome"],"properties":{"nome":{"bsonType":"string"},"cpf":{"bsonType":["string","null"],"pattern":"^[0-9]{11}$"},"apelido":{"bsonType":["string","null"]},"contato":{"bsonType":["string","null"]},"sexo":{"bsonType":["string","null"],"enum":["M","F","Outro",null]}}}},"dispositivos":{"bsonType":"array","items":{"bsonType":"object","additionalProperties":false,"properties":{"tipo":{"bsonType":"string","enum":["celular","computador","tablet","outro"]},"sist_operacional":{"bsonType":"string"},"endereco_mac":{"bsonType":["string","null"],"pattern":"^([0-9A-Fa-f]{2}:){5}[0-9A-Fa-f]{2}$"}}}},"evidencias":{"bsonType":"array","items":{"bsonType":"object","additionalProperties":false,"required":["tipo","data_coleta"],"properties":{"tipo":{"bsonType":"string","enum":["imagem","audio","video","email","log","mensagem"]},"descricao":{"bsonType":["string","null"]},"data_coleta":{"bsonType":"date"},"anexo":{"bsonType":["string","null"]},"agente_id":{"bsonType":["objectId","null"]}}}},"contas_digitais":{"bsonType":"array","uniqueItems":true,"items":{"bsonType":"objectId"}}}}},"validationLevel":"moderate","validationAction":"error"},"indexes":[{"v":{"$numberInt":"2"},"key":{"_id":{"$numberInt":"1"}},"name":"_id_"}],"uuid":"facdb9df58ff4e7084e37570e57f9e5c","collectionName":"ocorrencias","type":"collection"}