{"options":{"validator":{"$jsonSchema":{"bsonType":"object","required":["plataforma","tipo_conta","status"],"additionalProperties":false,"properties":{"_id":{"bsonType":"objectId"},"plataforma":{"bsonType":"string"},"tipo_conta":{"bsonType":"string","enum":["pessoal","comercial","fraudulenta"]},"status":{"bsonType":"string","enum":["ativa","inativa","banida"]},"usuario_id":{"bsonType":["objectId","null"]},"ocorrencias":{"bsonType":"array","uniqueItems":true,"items":{"bsonType":"objectId"}}}}},"validationLevel":"moderate","validationAction":"error"},"indexes":[{"v":{"$numberInt":"2"},"key":{"_id":{"$numberInt":"1"}},"name":"_id_"}],"uuid":"0319de973fa64688b324c82db0e37b30","collectionName":"perfis_digitais","type":"collection"}