[
  {
    "_id": {
      "$oid": "692c364ecb5c9d26db56c6d0"
    },
    "nome": "Bruna Pereira",
    "cargo": "promotor",
    "contato": "+55 (47) 4750-3825",
    "instituicao_judicial_id": {
      "$oid": "692c364ecb5c9d26db56c6c9"
    }
  },
  {
    "_id": {
      "$oid": "692c364ecb5c9d26db56c6d1"
    },
    "nome": "Bianca Almeida",
    "cargo": "juiz",
    "contato": "+55 (28) 2861-2314",
    "instituicao_judicial_id": {
      "$oid": "692c364ecb5c9d26db56c6aa"
    }
  },
  {
    "_id": {
      "$oid": "692c364ecb5c9d26db56c6d2"
    },
    "nome": "Tiago Teixeira",
    "cargo": "promotor",
    "contato": "+55 (20) 2713-2649",
    "instituicao_judicial_id": {
      "$oid": "692c364ecb5c9d26db56c6c5"
    }
  },
  {
    "_id": {
      "$oid": "692c364ecb5c9d26db56c6d3"
    },
    "nome": "Vinícius Almeida",
    "cargo": "promotor",
    "contato": "+55 (83) 5830-9562",
    "instituicao_judicial_id": {
      "$oid": "692c364ecb5c9d26db56c6af"
    }
  },
  {
    "_id": {
      "$oid": "692c364ecb5c9d26db56c6d4"
    },
    "nome": "Bianca Oliveira",
    "cargo": "juiz",
    "contato": "+55 (35) 7981-8873",
    "instituicao_judicial_id": {
      "$oid": "692c364ecb5c9d26db56c6c9"
    }
  },
  {
    "_id": {
      "$oid": "692c364ecb5c9d26db56c6d5"
    },
    "nome": "Gabriel Teixeira",
    "cargo": "juiz",
    "contato": "+55 (20) 6922-5094",
    "instituicao_judicial_id": {
      "$oid": "692c364ecb5c9d26db56c6c7"
    }
  },
  {
    "_id": {
      "$oid": "692c364ecb5c9d26db56c6d6"
    },
    "nome": "Larissa Pereira",
    "cargo": "promotor",
    "contato": "+55 (72) 4179-3672",
    "instituicao_judicial_id": {
      "$oid": "692c364ecb5c9d26db56c6c3"
    }
  },
  {
    "_id": {
      "$oid": "692c364ecb5c9d26db56c6d7"
    },
    "nome": "João Teixeira",
    "cargo": "juiz",
    "contato": "+55 (27) 3585-1404",
    "instituicao_judicial_id": {
      "$oid": "692c364ecb5c9d26db56c6cd"
    }
  },
  {
    "_id": {
      "$oid": "692c364ecb5c9d26db56c6d8"
    },
    "nome": "Camila Novaes",
    "cargo": "juiz",
    "contato": "+55 (95) 4959-3509",
    "instituicao_judicial_id": {
      "$oid": "692c364ecb5c9d26db56c6c1"
    }
  },
  {
    "_id": {
      "$oid": "692c364ecb5c9d26db56c6d9"
    },
    "nome": "Amanda Silva",
    "cargo": "procurador",
    "contato": "+55 (13) 3283-4950",
    "instituicao_judicial_id": {
      "$oid": "692c364ecb5c9d26db56c6b9"
    }
  },
  {
    "_id": {
      "$oid": "692c364ecb5c9d26db56c6da"
    },
    "nome": "Mariana Martins",
    "cargo": "promotor",
    "contato": "+55 (59) 7868-3040",
    "instituicao_judicial_id": {
      "$oid": "692c364ecb5c9d26db56c6b6"
    }
  },
  {
    "_id": {
      "$oid": "692c364ecb5c9d26db56c6db"
    },
    "nome": "Larissa Carvalho",
    "cargo": "juiz",
    "contato": "+55 (32) 7992-1790",
    "instituicao_judicial_id": {
      "$oid": "692c364ecb5c9d26db56c6b5"
    }
  },
  {
    "_id": {
      "$oid": "692c364ecb5c9d26db56c6dc"
    },
    "nome": "Kevin Carvalho",
    "cargo": "procurador",
    "contato": "+55 (34) 9964-2576",
    "instituicao_judicial_id": {
      "$oid": "692c364ecb5c9d26db56c6bb"
    }
  },
  {
    "_id": {
      "$oid": "692c364ecb5c9d26db56c6dd"
    },
    "nome": "Gustavo Costa",
    "cargo": "procurador",
    "contato": "+55 (99) 8182-1714",
    "instituicao_judicial_id": {
      "$oid": "692c364ecb5c9d26db56c6c9"
    }
  },
  {
    "_id": {
      "$oid": "692c364ecb5c9d26db56c6de"
    },
    "nome": "Sabrina Carvalho",
    "cargo": "promotor",
    "contato": "+55 (82) 6321-7659",
    "instituicao_judicial_id": {
      "$oid": "692c364ecb5c9d26db56c6ad"
    }
  },
  {
    "_id": {
      "$oid": "692c364ecb5c9d26db56c6df"
    },
    "nome": "Natália Carvalho",
    "cargo": "juiz",
    "contato": "+55 (63) 6753-4396",
    "instituicao_judicial_id": {
      "$oid": "692c364ecb5c9d26db56c6ab"
    }
  },
  {
    "_id": {
      "$oid": "692c364ecb5c9d26db56c6e0"
    },
    "nome": "João Melo",
    "cargo": "procurador",
    "contato": "+55 (65) 7011-4786",
    "instituicao_judicial_id": {
      "$oid": "692c364ecb5c9d26db56c6b7"
    }
  },
  {
    "_id": {
      "$oid": "692c364ecb5c9d26db56c6e1"
    },
    "nome": "Bruna Silva",
    "cargo": "procurador",
    "contato": "+55 (74) 2154-7685",
    "instituicao_judicial_id": {
      "$oid": "692c364ecb5c9d26db56c6ab"
    }
  },
  {
    "_id": {
      "$oid": "692c364ecb5c9d26db56c6e2"
    },
    "nome": "Letícia Costa",
    "cargo": "procurador",
    "contato": "+55 (55) 6311-3503",
    "instituicao_judicial_id": {
      "$oid": "692c364ecb5c9d26db56c6bc"
    }
  },
  {
    "_id": {
      "$oid": "692c364ecb5c9d26db56c6e3"
    },
    "nome": "João Novaes",
    "cargo": "promotor",
    "contato": "+55 (59) 5980-8922",
    "instituicao_judicial_id": {
      "$oid": "692c364ecb5c9d26db56c6ab"
    }
  },
  {
    "_id": {
      "$oid": "692c364ecb5c9d26db56c6e4"
    },
    "nome": "Bruna Oliveira",
    "cargo": "juiz",
    "contato": "+55 (53) 2622-7904",
    "instituicao_judicial_id": {
      "$oid": "692c364ecb5c9d26db56c6a9"
    }
  },
  {
    "_id": {
      "$oid": "692c364ecb5c9d26db56c6e5"
    },
    "nome": "Bruna Novaes",
    "cargo": "promotor",
    "contato": "+55 (12) 8261-4649",
    "instituicao_judicial_id": {
      "$oid": "692c364ecb5c9d26db56c6c5"
    }
  },
  {
    "_id": {
      "$oid": "692c364ecb5c9d26db56c6e6"
    },
    "nome": "Henrique Barros",
    "cargo": "promotor",
    "contato": "+55 (26) 4105-3020",
    "instituicao_judicial_id": {
      "$oid": "692c364ecb5c9d26db56c6aa"
    }
  },
  {
    "_id": {
      "$oid": "692c364ecb5c9d26db56c6e7"
    },
    "nome": "João Almeida",
    "cargo": "promotor",
    "contato": "+55 (53) 5498-1426",
    "instituicao_judicial_id": {
      "$oid": "692c364ecb5c9d26db56c6bc"
    }
  },
  {
    "_id": {
      "$oid": "692c364ecb5c9d26db56c6e8"
    },
    "nome": "João Barros",
    "cargo": "procurador",
    "contato": "+55 (81) 4988-2767",
    "instituicao_judicial_id": {
      "$oid": "692c364ecb5c9d26db56c6b3"
    }
  },
  {
    "_id": {
      "$oid": "692c364ecb5c9d26db56c6e9"
    },
    "nome": "Rafael Costa",
    "cargo": "procurador",
    "contato": "+55 (26) 5847-1706",
    "instituicao_judicial_id": {
      "$oid": "692c364ecb5c9d26db56c6aa"
    }
  },
  {
    "_id": {
      "$oid": "692c364ecb5c9d26db56c6ea"
    },
    "nome": "Sabrina Almeida",
    "cargo": "procurador",
    "contato": "+55 (91) 5024-8025",
    "instituicao_judicial_id": {
      "$oid": "692c364ecb5c9d26db56c6b7"
    }
  },
  {
    "_id": {
      "$oid": "692c364ecb5c9d26db56c6eb"
    },
    "nome": "Ana Silva",
    "cargo": "procurador",
    "contato": "+55 (86) 6446-3420",
    "instituicao_judicial_id": {
      "$oid": "692c364ecb5c9d26db56c6b2"
    }
  },
  {
    "_id": {
      "$oid": "692c364ecb5c9d26db56c6ec"
    },
    "nome": "Tiago Martins",
    "cargo": "promotor",
    "contato": "+55 (48) 2243-6710",
    "instituicao_judicial_id": {
      "$oid": "692c364ecb5c9d26db56c6c3"
    }
  },
  {
    "_id": {
      "$oid": "692c364ecb5c9d26db56c6ed"
    },
    "nome": "Murilo Almeida",
    "cargo": "procurador",
    "contato": "+55 (89) 7079-2915",
    "instituicao_judicial_id": {
      "$oid": "692c364ecb5c9d26db56c6ba"
    }
  },
  {
    "_id": {
      "$oid": "692c364ecb5c9d26db56c6ee"
    },
    "nome": "Murilo Fernandes",
    "cargo": "promotor",
    "contato": "+55 (79) 7218-4747",
    "instituicao_judicial_id": {
      "$oid": "692c364ecb5c9d26db56c6ae"
    }
  },
  {
    "_id": {
      "$oid": "692c364ecb5c9d26db56c6ef"
    },
    "nome": "Amanda Fernandes",
    "cargo": "juiz",
    "contato": "+55 (60) 7390-2317",
    "instituicao_judicial_id": {
      "$oid": "692c364ecb5c9d26db56c6b8"
    }
  },
  {
    "_id": {
      "$oid": "692c364ecb5c9d26db56c6f0"
    },
    "nome": "Bruna Novaes",
    "cargo": "procurador",
    "contato": "+55 (81) 3173-8891",
    "instituicao_judicial_id": {
      "$oid": "692c364ecb5c9d26db56c6af"
    }
  },
  {
    "_id": {
      "$oid": "692c364ecb5c9d26db56c6f1"
    },
    "nome": "Carla Silva",
    "cargo": "promotor",
    "contato": "+55 (48) 6219-9148",
    "instituicao_judicial_id": {
      "$oid": "692c364ecb5c9d26db56c6c4"
    }
  },
  {
    "_id": {
      "$oid": "692c364ecb5c9d26db56c6f2"
    },
    "nome": "Bruna Oliveira",
    "cargo": "promotor",
    "contato": "+55 (88) 5638-4056",
    "instituicao_judicial_id": {
      "$oid": "692c364ecb5c9d26db56c6bf"
    }
  },
  {
    "_id": {
      "$oid": "692c364ecb5c9d26db56c6f3"
    },
    "nome": "Juliana Duarte",
    "cargo": "juiz",
    "contato": "+55 (70) 9874-4892",
    "instituicao_judicial_id": {
      "$oid": "692c364ecb5c9d26db56c6bd"
    }
  },
  {
    "_id": {
      "$oid": "692c364ecb5c9d26db56c6f4"
    },
    "nome": "Mariana Barros",
    "cargo": "promotor",
    "contato": "+55 (27) 6718-4372",
    "instituicao_judicial_id": {
      "$oid": "692c364ecb5c9d26db56c6cf"
    }
  },
  {
    "_id": {
      "$oid": "692c364ecb5c9d26db56c6f5"
    },
    "nome": "Larissa Teixeira",
    "cargo": "promotor",
    "contato": "+55 (46) 6937-3137",
    "instituicao_judicial_id": {
      "$oid": "692c364ecb5c9d26db56c6ab"
    }
  },
  {
    "_id": {
      "$oid": "692c364ecb5c9d26db56c6f6"
    },
    "nome": "Diego Sales",
    "cargo": "promotor",
    "contato": "+55 (70) 2032-3520",
    "instituicao_judicial_id": {
      "$oid": "692c364ecb5c9d26db56c6aa"
    }
  },
  {
    "_id": {
      "$oid": "692c364ecb5c9d26db56c6f7"
    },
    "nome": "Vinícius Pereira",
    "cargo": "procurador",
    "contato": "+55 (21) 5277-5589",
    "instituicao_judicial_id": {
      "$oid": "692c364ecb5c9d26db56c6af"
    }
  },
  {
    "_id": {
      "$oid": "692c364ecb5c9d26db56c6f8"
    },
    "nome": "Letícia Silva",
    "cargo": "procurador",
    "contato": "+55 (68) 8197-9922",
    "instituicao_judicial_id": {
      "$oid": "692c364ecb5c9d26db56c6c1"
    }
  },
  {
    "_id": {
      "$oid": "692c364ecb5c9d26db56c6f9"
    },
    "nome": "Rafael Gomes",
    "cargo": "juiz",
    "contato": "+55 (68) 8323-5985",
    "instituicao_judicial_id": {
      "$oid": "692c364ecb5c9d26db56c6c9"
    }
  },
  {
    "_id": {
      "$oid": "692c364ecb5c9d26db56c6fa"
    },
    "nome": "Letícia Martins",
    "cargo": "promotor",
    "contato": "+55 (46) 4823-4876",
    "instituicao_judicial_id": {
      "$oid": "692c364ecb5c9d26db56c6ab"
    }
  },
  {
    "_id": {
      "$oid": "692c364ecb5c9d26db56c6fb"
    },
    "nome": "Natália Fernandes",
    "cargo": "procurador",
    "contato": "+55 (42) 5243-8721",
    "instituicao_judicial_id": {
      "$oid": "692c364ecb5c9d26db56c6ab"
    }
  },
  {
    "_id": {
      "$oid": "692c364ecb5c9d26db56c6fc"
    },
    "nome": "Lucas Souza",
    "cargo": "procurador",
    "contato": "+55 (90) 8780-2328",
    "instituicao_judicial_id": {
      "$oid": "692c364ecb5c9d26db56c6b2"
    }
  },
  {
    "_id": {
      "$oid": "692c364ecb5c9d26db56c6fd"
    },
    "nome": "Natália Gomes",
    "cargo": "procurador",
    "contato": "+55 (93) 5935-2839",
    "instituicao_judicial_id": {
      "$oid": "692c364ecb5c9d26db56c6b7"
    }
  },
  {
    "_id": {
      "$oid": "692c364ecb5c9d26db56c6fe"
    },
    "nome": "Juliana Barros",
    "cargo": "promotor",
    "contato": "+55 (21) 8731-5178",
    "instituicao_judicial_id": {
      "$oid": "692c364ecb5c9d26db56c6b1"
    }
  },
  {
    "_id": {
      "$oid": "692c364ecb5c9d26db56c6ff"
    },
    "nome": "Rafael Silva",
    "cargo": "juiz",
    "contato": "+55 (86) 3387-3461",
    "instituicao_judicial_id": {
      "$oid": "692c364ecb5c9d26db56c6c6"
    }
  },
  {
    "_id": {
      "$oid": "692c364ecb5c9d26db56c700"
    },
    "nome": "Gabriel Oliveira",
    "cargo": "juiz",
    "contato": "+55 (70) 8643-1421",
    "instituicao_judicial_id": {
      "$oid": "692c364ecb5c9d26db56c6c9"
    }
  },
  {
    "_id": {
      "$oid": "692c364ecb5c9d26db56c701"
    },
    "nome": "Letícia Novaes",
    "cargo": "procurador",
    "contato": "+55 (37) 2741-1973",
    "instituicao_judicial_id": {
      "$oid": "692c364ecb5c9d26db56c6a8"
    }
  },
  {
    "_id": {
      "$oid": "692c364ecb5c9d26db56c702"
    },
    "nome": "Bruna Teixeira",
    "cargo": "juiz",
    "contato": "+55 (29) 5662-3894",
    "instituicao_judicial_id": {
      "$oid": "692c364ecb5c9d26db56c6c6"
    }
  },
  {
    "_id": {
      "$oid": "692c364ecb5c9d26db56c703"
    },
    "nome": "Carla Rodrigues",
    "cargo": "juiz",
    "contato": "+55 (75) 2609-7434",
    "instituicao_judicial_id": {
      "$oid": "692c364ecb5c9d26db56c6b1"
    }
  },
  {
    "_id": {
      "$oid": "692c364ecb5c9d26db56c704"
    },
    "nome": "Felipe Pereira",
    "cargo": "juiz",
    "contato": "+55 (39) 5521-8779",
    "instituicao_judicial_id": {
      "$oid": "692c364ecb5c9d26db56c6ac"
    }
  },
  {
    "_id": {
      "$oid": "692c364ecb5c9d26db56c705"
    },
    "nome": "João Melo",
    "cargo": "procurador",
    "contato": "+55 (76) 9513-3495",
    "instituicao_judicial_id": {
      "$oid": "692c364ecb5c9d26db56c6cd"
    }
  },
  {
    "_id": {
      "$oid": "692c364ecb5c9d26db56c706"
    },
    "nome": "João Carvalho",
    "cargo": "procurador",
    "contato": "+55 (52) 4651-1818",
    "instituicao_judicial_id": {
      "$oid": "692c364ecb5c9d26db56c6c4"
    }
  },
  {
    "_id": {
      "$oid": "692c364ecb5c9d26db56c707"
    },
    "nome": "Ana Barros",
    "cargo": "promotor",
    "contato": "+55 (81) 6121-9998",
    "instituicao_judicial_id": {
      "$oid": "692c364ecb5c9d26db56c6ca"
    }
  },
  {
    "_id": {
      "$oid": "692c364ecb5c9d26db56c708"
    },
    "nome": "Diego Teixeira",
    "cargo": "juiz",
    "contato": "+55 (56) 5429-6709",
    "instituicao_judicial_id": {
      "$oid": "692c364ecb5c9d26db56c6c9"
    }
  },
  {
    "_id": {
      "$oid": "692c364ecb5c9d26db56c709"
    },
    "nome": "Vinícius Melo",
    "cargo": "juiz",
    "contato": "+55 (74) 6336-8447",
    "instituicao_judicial_id": {
      "$oid": "692c364ecb5c9d26db56c6ce"
    }
  },
  {
    "_id": {
      "$oid": "692c364ecb5c9d26db56c70a"
    },
    "nome": "Ana Oliveira",
    "cargo": "juiz",
    "contato": "+55 (89) 9996-3322",
    "instituicao_judicial_id": {
      "$oid": "692c364ecb5c9d26db56c6cb"
    }
  },
  {
    "_id": {
      "$oid": "692c364ecb5c9d26db56c70b"
    },
    "nome": "João Almeida",
    "cargo": "procurador",
    "contato": "+55 (81) 8818-2521",
    "instituicao_judicial_id": {
      "$oid": "692c364ecb5c9d26db56c6b6"
    }
  },
  {
    "_id": {
      "$oid": "692c364ecb5c9d26db56c70c"
    },
    "nome": "Diego Martins",
    "cargo": "juiz",
    "contato": "+55 (26) 3981-9303",
    "instituicao_judicial_id": {
      "$oid": "692c364ecb5c9d26db56c6c3"
    }
  },
  {
    "_id": {
      "$oid": "692c364ecb5c9d26db56c70d"
    },
    "nome": "Juliana Costa",
    "cargo": "procurador",
    "contato": "+55 (42) 3586-9137",
    "instituicao_judicial_id": {
      "$oid": "692c364ecb5c9d26db56c6b0"
    }
  },
  {
    "_id": {
      "$oid": "692c364ecb5c9d26db56c70e"
    },
    "nome": "Carla Carvalho",
    "cargo": "juiz",
    "contato": "+55 (16) 2501-8594",
    "instituicao_judicial_id": {
      "$oid": "692c364ecb5c9d26db56c6b1"
    }
  },
  {
    "_id": {
      "$oid": "692c364ecb5c9d26db56c70f"
    },
    "nome": "Gustavo Melo",
    "cargo": "juiz",
    "contato": "+55 (37) 3601-7345",
    "instituicao_judicial_id": {
      "$oid": "692c364ecb5c9d26db56c6ba"
    }
  },
  {
    "_id": {
      "$oid": "692c364ecb5c9d26db56c710"
    },
    "nome": "Henrique Novaes",
    "cargo": "promotor",
    "contato": "+55 (17) 8689-1141",
    "instituicao_judicial_id": {
      "$oid": "692c364ecb5c9d26db56c6b0"
    }
  },
  {
    "_id": {
      "$oid": "692c364ecb5c9d26db56c711"
    },
    "nome": "Tiago Barros",
    "cargo": "juiz",
    "contato": "+55 (87) 4426-5051",
    "instituicao_judicial_id": {
      "$oid": "692c364ecb5c9d26db56c6b2"
    }
  },
  {
    "_id": {
      "$oid": "692c364ecb5c9d26db56c712"
    },
    "nome": "Henrique Fernandes",
    "cargo": "promotor",
    "contato": "+55 (67) 6439-2245",
    "instituicao_judicial_id": {
      "$oid": "692c364ecb5c9d26db56c6b4"
    }
  },
  {
    "_id": {
      "$oid": "692c364ecb5c9d26db56c713"
    },
    "nome": "Bianca Duarte",
    "cargo": "promotor",
    "contato": "+55 (84) 6804-8207",
    "instituicao_judicial_id": {
      "$oid": "692c364ecb5c9d26db56c6c6"
    }
  },
  {
    "_id": {
      "$oid": "692c364ecb5c9d26db56c714"
    },
    "nome": "Ana Almeida",
    "cargo": "procurador",
    "contato": "+55 (22) 8474-6982",
    "instituicao_judicial_id": {
      "$oid": "692c364ecb5c9d26db56c6cd"
    }
  },
  {
    "_id": {
      "$oid": "692c364ecb5c9d26db56c715"
    },
    "nome": "Lucas Rodrigues",
    "cargo": "promotor",
    "contato": "+55 (64) 5643-9784",
    "instituicao_judicial_id": {
      "$oid": "692c364ecb5c9d26db56c6b8"
    }
  },
  {
    "_id": {
      "$oid": "692c364ecb5c9d26db56c716"
    },
    "nome": "Rafael Costa",
    "cargo": "promotor",
    "contato": "+55 (93) 8631-4034",
    "instituicao_judicial_id": {
      "$oid": "692c364ecb5c9d26db56c6bc"
    }
  },
  {
    "_id": {
      "$oid": "692c364ecb5c9d26db56c717"
    },
    "nome": "Natália Teixeira",
    "cargo": "promotor",
    "contato": "+55 (11) 6487-5231",
    "instituicao_judicial_id": {
      "$oid": "692c364ecb5c9d26db56c6b7"
    }
  },
  {
    "_id": {
      "$oid": "692c364ecb5c9d26db56c718"
    },
    "nome": "Larissa Rodrigues",
    "cargo": "promotor",
    "contato": "+55 (41) 8323-9757",
    "instituicao_judicial_id": {
      "$oid": "692c364ecb5c9d26db56c6c3"
    }
  },
  {
    "_id": {
      "$oid": "692c364ecb5c9d26db56c719"
    },
    "nome": "Isabela Novaes",
    "cargo": "procurador",
    "contato": "+55 (86) 5126-6893",
    "instituicao_judicial_id": {
      "$oid": "692c364ecb5c9d26db56c6c0"
    }
  },
  {
    "_id": {
      "$oid": "692c364ecb5c9d26db56c71a"
    },
    "nome": "Mariana Pereira",
    "cargo": "promotor",
    "contato": "+55 (75) 8825-6006",
    "instituicao_judicial_id": {
      "$oid": "692c364ecb5c9d26db56c6b3"
    }
  },
  {
    "_id": {
      "$oid": "692c364ecb5c9d26db56c71b"
    },
    "nome": "Enzo Gomes",
    "cargo": "procurador",
    "contato": "+55 (63) 6073-8002",
    "instituicao_judicial_id": {
      "$oid": "692c364ecb5c9d26db56c6af"
    }
  },
  {
    "_id": {
      "$oid": "692c364ecb5c9d26db56c71c"
    },
    "nome": "Felipe Ribeiro",
    "cargo": "promotor",
    "contato": "+55 (26) 3750-5947",
    "instituicao_judicial_id": {
      "$oid": "692c364ecb5c9d26db56c6b8"
    }
  },
  {
    "_id": {
      "$oid": "692c364ecb5c9d26db56c71d"
    },
    "nome": "Larissa Duarte",
    "cargo": "juiz",
    "contato": "+55 (68) 6165-6850",
    "instituicao_judicial_id": {
      "$oid": "692c364ecb5c9d26db56c6c4"
    }
  },
  {
    "_id": {
      "$oid": "692c364ecb5c9d26db56c71e"
    },
    "nome": "Carla Barros",
    "cargo": "juiz",
    "contato": "+55 (60) 5785-6863",
    "instituicao_judicial_id": {
      "$oid": "692c364ecb5c9d26db56c6b6"
    }
  },
  {
    "_id": {
      "$oid": "692c364ecb5c9d26db56c71f"
    },
    "nome": "Juliana Sales",
    "cargo": "juiz",
    "contato": "+55 (31) 9709-3179",
    "instituicao_judicial_id": {
      "$oid": "692c364ecb5c9d26db56c6cd"
    }
  }
]