[
  {
    "_id": {
      "$oid": "692c364ecb5c9d26db56c6a8"
    },
    "nome": "Vara Bianca Duarte",
    "tipo": "promotoria",
    "jurisdicao": "Brasília",
    "contato": "+55 (14) 8232-5752",
    "autoridades_judiciais": [
      {
        "$oid": "692c364ecb5c9d26db56c701"
      }
    ]
  },
  {
    "_id": {
      "$oid": "692c364ecb5c9d26db56c6a9"
    },
    "nome": "Vara Natália Souza",
    "tipo": "promotoria",
    "jurisdicao": "Belo Horizonte",
    "contato": "+55 (94) 9586-1139",
    "autoridades_judiciais": [
      {
        "$oid": "692c364ecb5c9d26db56c6e4"
      }
    ]
  },
  {
    "_id": {
      "$oid": "692c364ecb5c9d26db56c6aa"
    },
    "nome": "Vara Henrique Melo",
    "tipo": "vara_criminal",
    "jurisdicao": "Recife",
    "contato": "+55 (64) 4394-9979",
    "autoridades_judiciais": [
      {
        "$oid": "692c364ecb5c9d26db56c6d1"
      },
      {
        "$oid": "692c364ecb5c9d26db56c6e6"
      },
      {
        "$oid": "692c364ecb5c9d26db56c6e9"
      },
      {
        "$oid": "692c364ecb5c9d26db56c6f6"
      }
    ]
  },
  {
    "_id": {
      "$oid": "692c364ecb5c9d26db56c6ab"
    },
    "nome": "Vara Murilo Souza",
    "tipo": "promotoria",
    "jurisdicao": "Porto Alegre",
    "contato": "+55 (53) 8150-8201",
    "autoridades_judiciais": [
      {
        "$oid": "692c364ecb5c9d26db56c6df"
      },
      {
        "$oid": "692c364ecb5c9d26db56c6e1"
      },
      {
        "$oid": "692c364ecb5c9d26db56c6e3"
      },
      {
        "$oid": "692c364ecb5c9d26db56c6f5"
      },
      {
        "$oid": "692c364ecb5c9d26db56c6fa"
      },
      {
        "$oid": "692c364ecb5c9d26db56c6fb"
      }
    ]
  },
  {
    "_id": {
      "$oid": "692c364ecb5c9d26db56c6ac"
    },
    "nome": "Vara Diego Fernandes",
    "tipo": "vara_criminal",
    "jurisdicao": "Manaus",
    "contato": "+55 (50) 9729-7940",
    "autoridades_judiciais": [
      {
        "$oid": "692c364ecb5c9d26db56c704"
      }
    ]
  },
  {
    "_id": {
      "$oid": "692c364ecb5c9d26db56c6ad"
    },
    "nome": "Vara Tiago Pereira",
    "tipo": "vara_criminal",
    "jurisdicao": "São Paulo",
    "contato": "+55 (63) 2501-4039",
    "autoridades_judiciais": [
      {
        "$oid": "692c364ecb5c9d26db56c6de"
      }
    ]
  },
  {
    "_id": {
      "$oid": "692c364ecb5c9d26db56c6ae"
    },
    "nome": "Vara Felipe Almeida",
    "tipo": "promotoria",
    "jurisdicao": "Campinas",
    "contato": "+55 (42) 3187-6346",
    "autoridades_judiciais": [
      {
        "$oid": "692c364ecb5c9d26db56c6ee"
      }
    ]
  },
  {
    "_id": {
      "$oid": "692c364ecb5c9d26db56c6af"
    },
    "nome": "Vara Enzo Ribeiro",
    "tipo": "promotoria",
    "jurisdicao": "Recife",
    "contato": "+55 (76) 3558-7662",
    "autoridades_judiciais": [
      {
        "$oid": "692c364ecb5c9d26db56c6d3"
      },
      {
        "$oid": "692c364ecb5c9d26db56c6f0"
      },
      {
        "$oid": "692c364ecb5c9d26db56c6f7"
      },
      {
        "$oid": "692c364ecb5c9d26db56c71b"
      }
    ]
  },
  {
    "_id": {
      "$oid": "692c364ecb5c9d26db56c6b0"
    },
    "nome": "Vara Henrique Souza",
    "tipo": "tribunal",
    "jurisdicao": "Manaus",
    "contato": "+55 (90) 9373-9855",
    "autoridades_judiciais": [
      {
        "$oid": "692c364ecb5c9d26db56c70d"
      },
      {
        "$oid": "692c364ecb5c9d26db56c710"
      }
    ]
  },
  {
    "_id": {
      "$oid": "692c364ecb5c9d26db56c6b1"
    },
    "nome": "Vara Gustavo Souza",
    "tipo": "vara_criminal",
    "jurisdicao": "Recife",
    "contato": "+55 (98) 7603-1664",
    "autoridades_judiciais": [
      {
        "$oid": "692c364ecb5c9d26db56c6fe"
      },
      {
        "$oid": "692c364ecb5c9d26db56c703"
      },
      {
        "$oid": "692c364ecb5c9d26db56c70e"
      }
    ]
  },
  {
    "_id": {
      "$oid": "692c364ecb5c9d26db56c6b2"
    },
    "nome": "Vara Natália Martins",
    "tipo": "vara_criminal",
    "jurisdicao": "Fortaleza",
    "contato": "+55 (41) 9971-3516",
    "autoridades_judiciais": [
      {
        "$oid": "692c364ecb5c9d26db56c6eb"
      },
      {
        "$oid": "692c364ecb5c9d26db56c6fc"
      },
      {
        "$oid": "692c364ecb5c9d26db56c711"
      }
    ]
  },
  {
    "_id": {
      "$oid": "692c364ecb5c9d26db56c6b3"
    },
    "nome": "Vara Bruna Almeida",
    "tipo": "promotoria",
    "jurisdicao": "Curitiba",
    "contato": "+55 (99) 2801-7592",
    "autoridades_judiciais": [
      {
        "$oid": "692c364ecb5c9d26db56c6e8"
      },
      {
        "$oid": "692c364ecb5c9d26db56c71a"
      }
    ]
  },
  {
    "_id": {
      "$oid": "692c364ecb5c9d26db56c6b4"
    },
    "nome": "Vara Murilo Silva",
    "tipo": "promotoria",
    "jurisdicao": "Recife",
    "contato": "+55 (87) 9765-2191",
    "autoridades_judiciais": [
      {
        "$oid": "692c364ecb5c9d26db56c712"
      }
    ]
  },
  {
    "_id": {
      "$oid": "692c364ecb5c9d26db56c6b5"
    },
    "nome": "Vara Gustavo Almeida",
    "tipo": "tribunal",
    "jurisdicao": "Goiânia",
    "contato": "+55 (97) 4407-3794",
    "autoridades_judiciais": [
      {
        "$oid": "692c364ecb5c9d26db56c6db"
      }
    ]
  },
  {
    "_id": {
      "$oid": "692c364ecb5c9d26db56c6b6"
    },
    "nome": "Vara Mariana Sales",
    "tipo": "vara_criminal",
    "jurisdicao": "Goiânia",
    "contato": "+55 (70) 5726-2213",
    "autoridades_judiciais": [
      {
        "$oid": "692c364ecb5c9d26db56c6da"
      },
      {
        "$oid": "692c364ecb5c9d26db56c70b"
      },
      {
        "$oid": "692c364ecb5c9d26db56c71e"
      }
    ]
  },
  {
    "_id": {
      "$oid": "692c364ecb5c9d26db56c6b7"
    },
    "nome": "Vara Tiago Ribeiro",
    "tipo": "promotoria",
    "jurisdicao": "Fortaleza",
    "contato": "+55 (45) 2760-6093",
    "autoridades_judiciais": [
      {
        "$oid": "692c364ecb5c9d26db56c6e0"
      },
      {
        "$oid": "692c364ecb5c9d26db56c6ea"
      },
      {
        "$oid": "692c364ecb5c9d26db56c6fd"
      },
      {
        "$oid": "692c364ecb5c9d26db56c717"
      }
    ]
  },
  {
    "_id": {
      "$oid": "692c364ecb5c9d26db56c6b8"
    },
    "nome": "Vara Carla Duarte",
    "tipo": "promotoria",
    "jurisdicao": "Brasília",
    "contato": "+55 (79) 4032-7846",
    "autoridades_judiciais": [
      {
        "$oid": "692c364ecb5c9d26db56c6ef"
      },
      {
        "$oid": "692c364ecb5c9d26db56c715"
      },
      {
        "$oid": "692c364ecb5c9d26db56c71c"
      }
    ]
  },
  {
    "_id": {
      "$oid": "692c364ecb5c9d26db56c6b9"
    },
    "nome": "Vara Enzo Teixeira",
    "tipo": "tribunal",
    "jurisdicao": "Campinas",
    "contato": "+55 (57) 6506-4480",
    "autoridades_judiciais": [
      {
        "$oid": "692c364ecb5c9d26db56c6d9"
      }
    ]
  },
  {
    "_id": {
      "$oid": "692c364ecb5c9d26db56c6ba"
    },
    "nome": "Vara Henrique Almeida",
    "tipo": "tribunal",
    "jurisdicao": "São Paulo",
    "contato": "+55 (54) 3069-7496",
    "autoridades_judiciais": [
      {
        "$oid": "692c364ecb5c9d26db56c6ed"
      },
      {
        "$oid": "692c364ecb5c9d26db56c70f"
      }
    ]
  },
  {
    "_id": {
      "$oid": "692c364ecb5c9d26db56c6bb"
    },
    "nome": "Vara Juliana Costa",
    "tipo": "tribunal",
    "jurisdicao": "Manaus",
    "contato": "+55 (17) 2894-9007",
    "autoridades_judiciais": [
      {
        "$oid": "692c364ecb5c9d26db56c6dc"
      }
    ]
  },
  {
    "_id": {
      "$oid": "692c364ecb5c9d26db56c6bc"
    },
    "nome": "Vara Bruna Costa",
    "tipo": "tribunal",
    "jurisdicao": "Goiânia",
    "contato": "+55 (40) 4900-1073",
    "autoridades_judiciais": [
      {
        "$oid": "692c364ecb5c9d26db56c6e2"
      },
      {
        "$oid": "692c364ecb5c9d26db56c6e7"
      },
      {
        "$oid": "692c364ecb5c9d26db56c716"
      }
    ]
  },
  {
    "_id": {
      "$oid": "692c364ecb5c9d26db56c6bd"
    },
    "nome": "Vara Kevin Silva",
    "tipo": "tribunal",
    "jurisdicao": "Belém",
    "contato": "+55 (21) 3314-2005",
    "autoridades_judiciais": [
      {
        "$oid": "692c364ecb5c9d26db56c6f3"
      }
    ]
  },
  {
    "_id": {
      "$oid": "692c364ecb5c9d26db56c6be"
    },
    "nome": "Vara Enzo Duarte",
    "tipo": "promotoria",
    "jurisdicao": "Curitiba",
    "contato": "+55 (16) 4627-4867",
    "autoridades_judiciais": []
  },
  {
    "_id": {
      "$oid": "692c364ecb5c9d26db56c6bf"
    },
    "nome": "Vara Gustavo Martins",
    "tipo": "tribunal",
    "jurisdicao": "Salvador",
    "contato": "+55 (68) 9356-4600",
    "autoridades_judiciais": [
      {
        "$oid": "692c364ecb5c9d26db56c6f2"
      }
    ]
  },
  {
    "_id": {
      "$oid": "692c364ecb5c9d26db56c6c0"
    },
    "nome": "Vara Isabela Melo",
    "tipo": "tribunal",
    "jurisdicao": "Fortaleza",
    "contato": "+55 (91) 9251-9334",
    "autoridades_judiciais": [
      {
        "$oid": "692c364ecb5c9d26db56c719"
      }
    ]
  },
  {
    "_id": {
      "$oid": "692c364ecb5c9d26db56c6c1"
    },
    "nome": "Vara Henrique Silva",
    "tipo": "vara_criminal",
    "jurisdicao": "São Paulo",
    "contato": "+55 (60) 3681-1934",
    "autoridades_judiciais": [
      {
        "$oid": "692c364ecb5c9d26db56c6d8"
      },
      {
        "$oid": "692c364ecb5c9d26db56c6f8"
      }
    ]
  },
  {
    "_id": {
      "$oid": "692c364ecb5c9d26db56c6c2"
    },
    "nome": "Vara Felipe Souza",
    "tipo": "promotoria",
    "jurisdicao": "Belo Horizonte",
    "contato": "+55 (93) 6603-3134",
    "autoridades_judiciais": []
  },
  {
    "_id": {
      "$oid": "692c364ecb5c9d26db56c6c3"
    },
    "nome": "Vara Amanda Rodrigues",
    "tipo": "tribunal",
    "jurisdicao": "Manaus",
    "contato": "+55 (16) 9923-4536",
    "autoridades_judiciais": [
      {
        "$oid": "692c364ecb5c9d26db56c6d6"
      },
      {
        "$oid": "692c364ecb5c9d26db56c6ec"
      },
      {
        "$oid": "692c364ecb5c9d26db56c70c"
      },
      {
        "$oid": "692c364ecb5c9d26db56c718"
      }
    ]
  },
  {
    "_id": {
      "$oid": "692c364ecb5c9d26db56c6c4"
    },
    "nome": "Vara Ana Souza",
    "tipo": "vara_criminal",
    "jurisdicao": "Manaus",
    "contato": "+55 (85) 8106-3334",
    "autoridades_judiciais": [
      {
        "$oid": "692c364ecb5c9d26db56c6f1"
      },
      {
        "$oid": "692c364ecb5c9d26db56c706"
      },
      {
        "$oid": "692c364ecb5c9d26db56c71d"
      }
    ]
  },
  {
    "_id": {
      "$oid": "692c364ecb5c9d26db56c6c5"
    },
    "nome": "Vara Felipe Teixeira",
    "tipo": "vara_criminal",
    "jurisdicao": "Campinas",
    "contato": "+55 (40) 3146-9251",
    "autoridades_judiciais": [
      {
        "$oid": "692c364ecb5c9d26db56c6d2"
      },
      {
        "$oid": "692c364ecb5c9d26db56c6e5"
      }
    ]
  },
  {
    "_id": {
      "$oid": "692c364ecb5c9d26db56c6c6"
    },
    "nome": "Vara Mariana Martins",
    "tipo": "tribunal",
    "jurisdicao": "Curitiba",
    "contato": "+55 (82) 8059-2545",
    "autoridades_judiciais": [
      {
        "$oid": "692c364ecb5c9d26db56c6ff"
      },
      {
        "$oid": "692c364ecb5c9d26db56c702"
      },
      {
        "$oid": "692c364ecb5c9d26db56c713"
      }
    ]
  },
  {
    "_id": {
      "$oid": "692c364ecb5c9d26db56c6c7"
    },
    "nome": "Vara Natália Carvalho",
    "tipo": "vara_criminal",
    "jurisdicao": "Brasília",
    "contato": "+55 (26) 5094-3430",
    "autoridades_judiciais": [
      {
        "$oid": "692c364ecb5c9d26db56c6d5"
      }
    ]
  },
  {
    "_id": {
      "$oid": "692c364ecb5c9d26db56c6c8"
    },
    "nome": "Vara Enzo Almeida",
    "tipo": "promotoria",
    "jurisdicao": "Belém",
    "contato": "+55 (89) 6053-5576",
    "autoridades_judiciais": []
  },
  {
    "_id": {
      "$oid": "692c364ecb5c9d26db56c6c9"
    },
    "nome": "Vara Kevin Costa",
    "tipo": "promotoria",
    "jurisdicao": "Salvador",
    "contato": "+55 (72) 9793-4512",
    "autoridades_judiciais": [
      {
        "$oid": "692c364ecb5c9d26db56c6d0"
      },
      {
        "$oid": "692c364ecb5c9d26db56c6d4"
      },
      {
        "$oid": "692c364ecb5c9d26db56c6dd"
      },
      {
        "$oid": "692c364ecb5c9d26db56c6f9"
      },
      {
        "$oid": "692c364ecb5c9d26db56c700"
      },
      {
        "$oid": "692c364ecb5c9d26db56c708"
      }
    ]
  },
  {
    "_id": {
      "$oid": "692c364ecb5c9d26db56c6ca"
    },
    "nome": "Vara Bruna Rodrigues",
    "tipo": "tribunal",
    "jurisdicao": "Rio de Janeiro",
    "contato": "+55 (54) 4360-8394",
    "autoridades_judiciais": [
      {
        "$oid": "692c364ecb5c9d26db56c707"
      }
    ]
  },
  {
    "_id": {
      "$oid": "692c364ecb5c9d26db56c6cb"
    },
    "nome": "Vara Murilo Ribeiro",
    "tipo": "tribunal",
    "jurisdicao": "Salvador",
    "contato": "+55 (98) 2924-5115",
    "autoridades_judiciais": [
      {
        "$oid": "692c364ecb5c9d26db56c70a"
      }
    ]
  },
  {
    "_id": {
      "$oid": "692c364ecb5c9d26db56c6cc"
    },
    "nome": "Vara Larissa Costa",
    "tipo": "promotoria",
    "jurisdicao": "São Paulo",
    "contato": "+55 (29) 8563-8703",
    "autoridades_judiciais": []
  },
  {
    "_id": {
      "$oid": "692c364ecb5c9d26db56c6cd"
    },
    "nome": "Vara Isabela Almeida",
    "tipo": "tribunal",
    "jurisdicao": "Goiânia",
    "contato": "+55 (24) 4123-9544",
    "autoridades_judiciais": [
      {
        "$oid": "692c364ecb5c9d26db56c6d7"
      },
      {
        "$oid": "692c364ecb5c9d26db56c705"
      },
      {
        "$oid": "692c364ecb5c9d26db56c714"
      },
      {
        "$oid": "692c364ecb5c9d26db56c71f"
      }
    ]
  },
  {
    "_id": {
      "$oid": "692c364ecb5c9d26db56c6ce"
    },
    "nome": "Vara Camila Gomes",
    "tipo": "vara_criminal",
    "jurisdicao": "Recife",
    "contato": "+55 (44) 3985-3596",
    "autoridades_judiciais": [
      {
        "$oid": "692c364ecb5c9d26db56c709"
      }
    ]
  },
  {
    "_id": {
      "$oid": "692c364ecb5c9d26db56c6cf"
    },
    "nome": "Vara João Teixeira",
    "tipo": "promotoria",
    "jurisdicao": "São Paulo",
    "contato": "+55 (93) 2223-1500",
    "autoridades_judiciais": [
      {
        "$oid": "692c364ecb5c9d26db56c6f4"
      }
    ]
  }
]