[
  {
    "_id": {
      "$oid": "692c364ecb5c9d26db56c28e"
    },
    "nome": "Delegacia Camila Costa",
    "tipo": "policia_federal",
    "cidade": "Belém",
    "contato": "+55 (77) 7237-2065",
    "agentes": []
  },
  {
    "_id": {
      "$oid": "692c364ecb5c9d26db56c28f"
    },
    "nome": "Delegacia Tiago Gomes",
    "tipo": "delegacia",
    "cidade": "Porto Alegre",
    "contato": "+55 (92) 3548-1840",
    "agentes": []
  },
  {
    "_id": {
      "$oid": "692c364ecb5c9d26db56c290"
    },
    "nome": "Delegacia Juliana Almeida",
    "tipo": "delegacia",
    "cidade": "Recife",
    "contato": "+55 (19) 5801-5835",
    "agentes": []
  },
  {
    "_id": {
      "$oid": "692c364ecb5c9d26db56c291"
    },
    "nome": "Delegacia Henrique Carvalho",
    "tipo": "delegacia",
    "cidade": "Florianópolis",
    "contato": "+55 (81) 3766-5208",
    "agentes": []
  },
  {
    "_id": {
      "$oid": "692c364ecb5c9d26db56c292"
    },
    "nome": "Delegacia Juliana Martins",
    "tipo": "policia_federal",
    "cidade": "Florianópolis",
    "contato": "+55 (66) 8043-6610",
    "agentes": []
  },
  {
    "_id": {
      "$oid": "692c364ecb5c9d26db56c293"
    },
    "nome": "Delegacia Camila Souza",
    "tipo": "policia_federal",
    "cidade": "Porto Alegre",
    "contato": "+55 (31) 5727-6490",
    "agentes": []
  },
  {
    "_id": {
      "$oid": "692c364ecb5c9d26db56c294"
    },
    "nome": "Delegacia Lucas Costa",
    "tipo": "outros",
    "cidade": "Salvador",
    "contato": "+55 (23) 8156-8442",
    "agentes": []
  },
  {
    "_id": {
      "$oid": "692c364ecb5c9d26db56c295"
    },
    "nome": "Delegacia Bruna Silva",
    "tipo": "pericia",
    "cidade": "Rio de Janeiro",
    "contato": "+55 (51) 4934-9888",
    "agentes": []
  },
  {
    "_id": {
      "$oid": "692c364ecb5c9d26db56c296"
    },
    "nome": "Delegacia Lucas Melo",
    "tipo": "delegacia",
    "cidade": "Rio de Janeiro",
    "contato": "+55 (83) 8126-5085",
    "agentes": []
  },
  {
    "_id": {
      "$oid": "692c364ecb5c9d26db56c297"
    },
    "nome": "Delegacia Letícia Gomes",
    "tipo": "pericia",
    "cidade": "Porto Alegre",
    "contato": "+55 (24) 5990-1092",
    "agentes": []
  },
  {
    "_id": {
      "$oid": "692c364ecb5c9d26db56c298"
    },
    "nome": "Delegacia Bruna Ribeiro",
    "tipo": "pericia",
    "cidade": "Florianópolis",
    "contato": "+55 (56) 5182-7434",
    "agentes": []
  },
  {
    "_id": {
      "$oid": "692c364ecb5c9d26db56c299"
    },
    "nome": "Delegacia Gustavo Oliveira",
    "tipo": "policia_federal",
    "cidade": "Recife",
    "contato": "+55 (61) 2017-1418",
    "agentes": []
  },
  {
    "_id": {
      "$oid": "692c364ecb5c9d26db56c29a"
    },
    "nome": "Delegacia Murilo Rodrigues",
    "tipo": "policia_federal",
    "cidade": "Fortaleza",
    "contato": "+55 (55) 8788-5575",
    "agentes": []
  },
  {
    "_id": {
      "$oid": "692c364ecb5c9d26db56c29b"
    },
    "nome": "Delegacia Larissa Souza",
    "tipo": "policia_federal",
    "cidade": "Rio de Janeiro",
    "contato": "+55 (16) 8949-2205",
    "agentes": []
  },
  {
    "_id": {
      "$oid": "692c364ecb5c9d26db56c29c"
    },
    "nome": "Delegacia Natália Carvalho",
    "tipo": "policia_federal",
    "cidade": "Florianópolis",
    "contato": "+55 (62) 2042-4713",
    "agentes": []
  },
  {
    "_id": {
      "$oid": "692c364ecb5c9d26db56c29d"
    },
    "nome": "Delegacia Diego Martins",
    "tipo": "delegacia",
    "cidade": "Goiânia",
    "contato": "+55 (68) 4784-3279",
    "agentes": []
  },
  {
    "_id": {
      "$oid": "692c364ecb5c9d26db56c29e"
    },
    "nome": "Delegacia Henrique Carvalho",
    "tipo": "delegacia",
    "cidade": "Rio de Janeiro",
    "contato": "+55 (59) 9607-4420",
    "agentes": []
  },
  {
    "_id": {
      "$oid": "692c364ecb5c9d26db56c29f"
    },
    "nome": "Delegacia Larissa Duarte",
    "tipo": "outros",
    "cidade": "Fortaleza",
    "contato": "+55 (64) 5847-9676",
    "agentes": []
  },
  {
    "_id": {
      "$oid": "692c364ecb5c9d26db56c2a0"
    },
    "nome": "Delegacia Bruna Pereira",
    "tipo": "delegacia",
    "cidade": "Belo Horizonte",
    "contato": "+55 (21) 7266-2755",
    "agentes": []
  },
  {
    "_id": {
      "$oid": "692c364ecb5c9d26db56c2a1"
    },
    "nome": "Delegacia Ana Rodrigues",
    "tipo": "policia_federal",
    "cidade": "Goiânia",
    "contato": "+55 (63) 7364-8979",
    "agentes": []
  },
  {
    "_id": {
      "$oid": "692c364ecb5c9d26db56c2a2"
    },
    "nome": "Delegacia Lucas Duarte",
    "tipo": "policia_federal",
    "cidade": "Salvador",
    "contato": "+55 (83) 3934-5687",
    "agentes": []
  },
  {
    "_id": {
      "$oid": "692c364ecb5c9d26db56c2a3"
    },
    "nome": "Delegacia Letícia Gomes",
    "tipo": "outros",
    "cidade": "Manaus",
    "contato": "+55 (95) 4612-3483",
    "agentes": []
  },
  {
    "_id": {
      "$oid": "692c364ecb5c9d26db56c2a4"
    },
    "nome": "Delegacia Letícia Barros",
    "tipo": "pericia",
    "cidade": "Fortaleza",
    "contato": "+55 (44) 9373-3576",
    "agentes": []
  },
  {
    "_id": {
      "$oid": "692c364ecb5c9d26db56c2a5"
    },
    "nome": "Delegacia Larissa Silva",
    "tipo": "delegacia",
    "cidade": "Florianópolis",
    "contato": "+55 (35) 5519-1091",
    "agentes": []
  },
  {
    "_id": {
      "$oid": "692c364ecb5c9d26db56c2a6"
    },
    "nome": "Delegacia Tiago Almeida",
    "tipo": "policia_federal",
    "cidade": "Florianópolis",
    "contato": "+55 (70) 4854-7481",
    "agentes": []
  },
  {
    "_id": {
      "$oid": "692c364ecb5c9d26db56c2a7"
    },
    "nome": "Delegacia Isabela Fernandes",
    "tipo": "outros",
    "cidade": "Curitiba",
    "contato": "+55 (56) 8837-2510",
    "agentes": []
  },
  {
    "_id": {
      "$oid": "692c364ecb5c9d26db56c2a8"
    },
    "nome": "Delegacia Lucas Novaes",
    "tipo": "policia_federal",
    "cidade": "Goiânia",
    "contato": "+55 (22) 5432-3418",
    "agentes": []
  },
  {
    "_id": {
      "$oid": "692c364ecb5c9d26db56c2a9"
    },
    "nome": "Delegacia Bianca Souza",
    "tipo": "pericia",
    "cidade": "Rio de Janeiro",
    "contato": "+55 (74) 8619-7959",
    "agentes": []
  },
  {
    "_id": {
      "$oid": "692c364ecb5c9d26db56c2aa"
    },
    "nome": "Delegacia Tiago Carvalho",
    "tipo": "outros",
    "cidade": "Campinas",
    "contato": "+55 (92) 4327-1578",
    "agentes": []
  },
  {
    "_id": {
      "$oid": "692c364ecb5c9d26db56c2ab"
    },
    "nome": "Delegacia Diego Gomes",
    "tipo": "outros",
    "cidade": "Fortaleza",
    "contato": "+55 (74) 8065-7413",
    "agentes": []
  },
  {
    "_id": {
      "$oid": "692c364ecb5c9d26db56c2ac"
    },
    "nome": "Delegacia Carla Fernandes",
    "tipo": "pericia",
    "cidade": "Brasília",
    "contato": "+55 (22) 9390-9895",
    "agentes": []
  },
  {
    "_id": {
      "$oid": "692c364ecb5c9d26db56c2ad"
    },
    "nome": "Delegacia Larissa Almeida",
    "tipo": "outros",
    "cidade": "Florianópolis",
    "contato": "+55 (68) 8013-1247",
    "agentes": []
  },
  {
    "_id": {
      "$oid": "692c364ecb5c9d26db56c2ae"
    },
    "nome": "Delegacia Enzo Rodrigues",
    "tipo": "pericia",
    "cidade": "Brasília",
    "contato": "+55 (35) 2220-3528",
    "agentes": []
  },
  {
    "_id": {
      "$oid": "692c364ecb5c9d26db56c2af"
    },
    "nome": "Delegacia João Gomes",
    "tipo": "pericia",
    "cidade": "Porto Alegre",
    "contato": "+55 (78) 8967-2709",
    "agentes": []
  },
  {
    "_id": {
      "$oid": "692c364ecb5c9d26db56c2b0"
    },
    "nome": "Delegacia Juliana Novaes",
    "tipo": "policia_federal",
    "cidade": "Belo Horizonte",
    "contato": "+55 (67) 8259-6329",
    "agentes": []
  },
  {
    "_id": {
      "$oid": "692c364ecb5c9d26db56c2b1"
    },
    "nome": "Delegacia Lucas Martins",
    "tipo": "pericia",
    "cidade": "São Paulo",
    "contato": "+55 (69) 4191-4196",
    "agentes": []
  },
  {
    "_id": {
      "$oid": "692c364ecb5c9d26db56c2b2"
    },
    "nome": "Delegacia Bruna Barros",
    "tipo": "pericia",
    "cidade": "Goiânia",
    "contato": "+55 (29) 9469-6244",
    "agentes": []
  },
  {
    "_id": {
      "$oid": "692c364ecb5c9d26db56c2b3"
    },
    "nome": "Delegacia Juliana Duarte",
    "tipo": "delegacia",
    "cidade": "Recife",
    "contato": "+55 (12) 8150-5895",
    "agentes": []
  },
  {
    "_id": {
      "$oid": "692c364ecb5c9d26db56c2b4"
    },
    "nome": "Delegacia Isabela Barros",
    "tipo": "policia_federal",
    "cidade": "Salvador",
    "contato": "+55 (98) 8441-9253",
    "agentes": []
  },
  {
    "_id": {
      "$oid": "692c364ecb5c9d26db56c2b5"
    },
    "nome": "Delegacia Natália Martins",
    "tipo": "delegacia",
    "cidade": "Belo Horizonte",
    "contato": "+55 (54) 3686-3456",
    "agentes": []
  },
  {
    "_id": {
      "$oid": "692c364ecb5c9d26db56c2b6"
    },
    "nome": "Delegacia Lucas Carvalho",
    "tipo": "policia_federal",
    "cidade": "Florianópolis",
    "contato": "+55 (53) 7389-3460",
    "agentes": []
  },
  {
    "_id": {
      "$oid": "692c364ecb5c9d26db56c2b7"
    },
    "nome": "Delegacia Felipe Almeida",
    "tipo": "delegacia",
    "cidade": "Recife",
    "contato": "+55 (58) 2895-9915",
    "agentes": []
  },
  {
    "_id": {
      "$oid": "692c364ecb5c9d26db56c2b8"
    },
    "nome": "Delegacia Camila Duarte",
    "tipo": "policia_federal",
    "cidade": "Rio de Janeiro",
    "contato": "+55 (78) 8217-4430",
    "agentes": []
  },
  {
    "_id": {
      "$oid": "692c364ecb5c9d26db56c2b9"
    },
    "nome": "Delegacia Isabela Barros",
    "tipo": "outros",
    "cidade": "Campinas",
    "contato": "+55 (38) 4420-4420",
    "agentes": []
  },
  {
    "_id": {
      "$oid": "692c364ecb5c9d26db56c2ba"
    },
    "nome": "Delegacia Tiago Pereira",
    "tipo": "policia_federal",
    "cidade": "Belo Horizonte",
    "contato": "+55 (86) 8654-8583",
    "agentes": []
  },
  {
    "_id": {
      "$oid": "692c364ecb5c9d26db56c2bb"
    },
    "nome": "Delegacia Vinícius Martins",
    "tipo": "delegacia",
    "cidade": "Belo Horizonte",
    "contato": "+55 (13) 9791-1491",
    "agentes": []
  },
  {
    "_id": {
      "$oid": "692c364ecb5c9d26db56c2bc"
    },
    "nome": "Delegacia Tiago Ribeiro",
    "tipo": "pericia",
    "cidade": "São Paulo",
    "contato": "+55 (24) 2655-1348",
    "agentes": []
  },
  {
    "_id": {
      "$oid": "692c364ecb5c9d26db56c2bd"
    },
    "nome": "Delegacia Rafael Teixeira",
    "tipo": "outros",
    "cidade": "São Paulo",
    "contato": "+55 (97) 6353-8949",
    "agentes": []
  },
  {
    "_id": {
      "$oid": "692c364ecb5c9d26db56c2be"
    },
    "nome": "Delegacia Lucas Rodrigues",
    "tipo": "outros",
    "cidade": "Belém",
    "contato": "+55 (36) 5934-2993",
    "agentes": []
  },
  {
    "_id": {
      "$oid": "692c364ecb5c9d26db56c2bf"
    },
    "nome": "Delegacia Juliana Sales",
    "tipo": "outros",
    "cidade": "Campinas",
    "contato": "+55 (19) 6481-2903",
    "agentes": []
  }
]